{
 "feature_names": [
  "my_prizes_taken",
  "my_pokemon_in_play",
  "my_bench_count",
  "my_energy_total",
  "my_hp_total",
  "my_damage_total",
  "my_hand_count",
  "my_deck_count",
  "my_deck_empty",
  "my_active_hp",
  "my_active_energy",
  "my_active_max_attack",
  "my_prize_risk",
  "my_status_damage",
  "my_status_disable",
  "opp_prizes_taken",
  "opp_pokemon_in_play",
  "opp_bench_count",
  "opp_energy_total",
  "opp_hp_total",
  "opp_damage_total",
  "opp_hand_count",
  "opp_deck_count",
  "opp_deck_empty",
  "opp_active_hp",
  "opp_active_energy",
  "opp_active_max_attack",
  "opp_prize_risk",
  "opp_status_damage",
  "opp_status_disable",
  "turn",
  "my_turn"
 ],
 "weights": [
  0.198291,
  0.117524,
  0.117524,
  -0.416754,
  -1.787766,
  -1.209598,
  -0.065054,
  -0.205745,
  0.0,
  -0.271066,
  0.90747,
  0.189708,
  2.656371,
  0.0,
  0.0,
  -0.290186,
  -0.102928,
  -0.102928,
  0.299565,
  1.691996,
  1.494195,
  -0.018556,
  0.07483,
  0.0,
  0.616157,
  -0.379734,
  -0.586178,
  -2.840284,
  0.0,
  0.0,
  -0.080223,
  0.0
 ],
 "bias": 0.377548,
 "mean": [
  0.389239,
  1.515884,
  0.515884,
  0.961847,
  2.213426,
  0.351584,
  6.817835,
  4.141901,
  0.0,
  1.37467,
  0.913642,
  1.06208,
  2.218907,
  0.0,
  0.0,
  0.476095,
  1.61427,
  0.61427,
  1.508228,
  2.619333,
  0.260297,
  5.78929,
  4.147881,
  0.0,
  1.52935,
  1.425537,
  1.118983,
  2.465514,
  0.0,
  0.0,
  0.162451,
  1.0
 ],
 "std": [
  0.933029,
  0.740698,
  0.740698,
  1.144496,
  1.818632,
  0.722555,
  1.497172,
  0.514941,
  1.0,
  0.838556,
  1.094328,
  0.677079,
  1.684715,
  1.0,
  1.0,
  1.026536,
  0.802063,
  0.802063,
  1.211907,
  2.069807,
  0.635049,
  1.547032,
  0.540789,
  1.0,
  0.936094,
  1.164524,
  0.66849,
  1.843338,
  1.0,
  1.0,
  0.123393,
  1.0
 ],
 "meta": {
  "issue": "SOT-1674",
  "n_train": 164444,
  "seed": 61674,
  "epochs": 8,
  "lr": 0.02,
  "l2": 1e-06,
  "logs": [
   "shard_1.jsonl",
   "shard_2.jsonl",
   "shard_3.jsonl",
   "shard_4.jsonl",
   "shard_5.jsonl",
   "shard_6.jsonl",
   "shard_7.jsonl",
   "shard_8.jsonl"
  ],
  "n_holdout": 41500,
  "holdout_base_rate": 0.552,
  "logloss_learned": 0.5605,
  "acc_learned": 0.7124,
  "logloss_heuristic": 0.6534,
  "acc_heuristic": 0.6688,
  "acc_by_turn_bucket": {
   "turn_00+": {
    "n": 23599,
    "acc_learned": 0.6784,
    "acc_heuristic": 0.6304
   },
   "turn_05+": {
    "n": 12943,
    "acc_learned": 0.7584,
    "acc_heuristic": 0.7213
   },
   "turn_10+": {
    "n": 3921,
    "acc_learned": 0.7457,
    "acc_heuristic": 0.7047
   },
   "turn_15+": {
    "n": 870,
    "acc_learned": 0.7816,
    "acc_heuristic": 0.723
   },
   "turn_20+": {
    "n": 167,
    "acc_learned": 0.8144,
    "acc_heuristic": 0.8982
   }
  }
 }
}