{
  "agent_a": "mcts",
  "agent_b": "greedy",
  "n_matches": 60,
  "seed": 707,
  "deck": "deck.csv",
  "config_a": {
    "max_root_actions": 6,
    "max_tree_depth": 1,
    "rollout_turns": 100,
    "rollout_depth": 200,
    "n_worlds": 2,
    "time_budget_s": 0.4
  },
  "config_b": {},
  "wins_a": 37,
  "wins_b": 23,
  "draws": 0,
  "unfinished": 0,
  "rejects": 0,
  "exceptions": 0,
  "fallbacks_a": 0,
  "fallbacks_b": 0,
  "decisions": 2066,
  "budget_violations_a": 0,
  "budget_violations_b": 0,
  "planner_fallbacks_a": 0,
  "planner_fallbacks_b": 0,
  "degraded_count_a": 0,
  "degraded_count_b": 0,
  "planner_move_max_ms": 320.3353511635214,
  "winrate_a_excl_draws": 0.6166666666666667,
  "wilson95_excl_draws": [
    0.4901736454040315,
    0.7291191041511176
  ],
  "winrate_a_draws_half": 0.6166666666666667,
  "time_per_match_sec": {
    "mean": 4.476826670199322,
    "median": 3.367922939476557,
    "max": 12.497133293189108,
    "total": 268.60960021195933
  },
  "time_per_decision_ms": {
    "mean": 124.7434053812537,
    "max": 177.14617270853765
  },
  "decisions_per_match_mean": 34.43333333333333
}