{
  "agent_a": "mcts",
  "agent_b": "greedy",
  "n_matches": 60,
  "seed": 707,
  "deck": "deck.csv",
  "config_a": {
    "max_root_actions": 6,
    "max_tree_depth": 1,
    "rollout_turns": 100,
    "rollout_depth": 200,
    "n_worlds": 4,
    "time_budget_s": 0.4,
    "uct_c": 3.0
  },
  "config_b": {},
  "wins_a": 34,
  "wins_b": 26,
  "draws": 0,
  "unfinished": 0,
  "rejects": 0,
  "exceptions": 0,
  "fallbacks_a": 0,
  "fallbacks_b": 0,
  "decisions": 2129,
  "budget_violations_a": 0,
  "budget_violations_b": 0,
  "planner_fallbacks_a": 0,
  "planner_fallbacks_b": 0,
  "degraded_count_a": 0,
  "degraded_count_b": 0,
  "planner_move_max_ms": 320.3832989092916,
  "winrate_a_excl_draws": 0.5666666666666667,
  "wilson95_excl_draws": [
    0.44103214654694856,
    0.6842779960559936
  ],
  "winrate_a_draws_half": 0.5666666666666667,
  "time_per_match_sec": {
    "mean": 4.829602100793272,
    "median": 4.010926889604889,
    "max": 11.856587944086641,
    "total": 289.77612604759634
  },
  "time_per_decision_ms": {
    "mean": 128.2308901198413,
    "max": 200.95911769638374
  },
  "decisions_per_match_mean": 35.483333333333334
}