{
  "agent_a": "mcts",
  "agent_b": "greedy",
  "n_matches": 30,
  "seed": 805,
  "deck": "deck.csv",
  "config_a": {
    "max_root_actions": 6,
    "max_tree_depth": 1,
    "rollout_turns": 100,
    "rollout_depth": 200,
    "n_worlds": 4,
    "time_budget_s": 0.8
  },
  "config_b": {},
  "wins_a": 19,
  "wins_b": 11,
  "draws": 0,
  "unfinished": 0,
  "rejects": 0,
  "exceptions": 0,
  "fallbacks_a": 0,
  "fallbacks_b": 0,
  "decisions": 1135,
  "budget_violations_a": 0,
  "budget_violations_b": 0,
  "planner_fallbacks_a": 0,
  "planner_fallbacks_b": 0,
  "degraded_count_a": 0,
  "degraded_count_b": 0,
  "planner_move_max_ms": 640.4022031929344,
  "winrate_a_excl_draws": 0.6333333333333333,
  "wilson95_excl_draws": [
    0.45513246433604937,
    0.7812629779598231
  ],
  "winrate_a_draws_half": 0.6333333333333333,
  "time_per_match_sec": {
    "mean": 10.277799842972309,
    "median": 7.465309112914838,
    "max": 23.05602761893533,
    "total": 308.33399528916925
  },
  "time_per_decision_ms": {
    "mean": 252.79910849425602,
    "max": 386.74607058495
  },
  "decisions_per_match_mean": 37.833333333333336
}