{
  "agent_a": "mcts",
  "agent_b": "greedy",
  "n_matches": 30,
  "seed": 803,
  "deck": "deck.csv",
  "config_a": {
    "max_root_actions": 6,
    "max_tree_depth": 1,
    "rollout_turns": 100,
    "rollout_depth": 200,
    "n_worlds": 4,
    "time_budget_s": 0.8
  },
  "config_b": {},
  "wins_a": 17,
  "wins_b": 13,
  "draws": 0,
  "unfinished": 0,
  "rejects": 0,
  "exceptions": 0,
  "fallbacks_a": 0,
  "fallbacks_b": 0,
  "decisions": 1120,
  "budget_violations_a": 0,
  "budget_violations_b": 0,
  "planner_fallbacks_a": 0,
  "planner_fallbacks_b": 0,
  "degraded_count_a": 0,
  "degraded_count_b": 0,
  "planner_move_max_ms": 640.3963381890208,
  "winrate_a_excl_draws": 0.5666666666666667,
  "wilson95_excl_draws": [
    0.3919700954540873,
    0.7262276256938489
  ],
  "winrate_a_draws_half": 0.5666666666666667,
  "time_per_match_sec": {
    "mean": 9.75671976384862,
    "median": 8.009293838986196,
    "max": 26.259163357084617,
    "total": 292.7015929154586
  },
  "time_per_decision_ms": {
    "mean": 253.80511926040467,
    "max": 391.0820978926495
  },
  "decisions_per_match_mean": 37.333333333333336
}