{
  "agent_a": "mcts",
  "agent_b": "greedy",
  "n_matches": 30,
  "seed": 804,
  "deck": "deck.csv",
  "config_a": {
    "max_root_actions": 6,
    "max_tree_depth": 1,
    "rollout_turns": 100,
    "rollout_depth": 200,
    "n_worlds": 4,
    "time_budget_s": 0.8
  },
  "config_b": {},
  "wins_a": 10,
  "wins_b": 20,
  "draws": 0,
  "unfinished": 0,
  "rejects": 0,
  "exceptions": 0,
  "fallbacks_a": 0,
  "fallbacks_b": 0,
  "decisions": 992,
  "budget_violations_a": 0,
  "budget_violations_b": 0,
  "planner_fallbacks_a": 0,
  "planner_fallbacks_b": 0,
  "degraded_count_a": 0,
  "degraded_count_b": 0,
  "planner_move_max_ms": 640.3706069104373,
  "winrate_a_excl_draws": 0.3333333333333333,
  "wilson95_excl_draws": [
    0.19230295526846194,
    0.5122027418616973
  ],
  "winrate_a_draws_half": 0.3333333333333333,
  "time_per_match_sec": {
    "mean": 8.562491611981143,
    "median": 7.047136889072135,
    "max": 19.854890674818307,
    "total": 256.8747483594343
  },
  "time_per_decision_ms": {
    "mean": 254.52645005484902,
    "max": 407.7855127186261
  },
  "decisions_per_match_mean": 33.06666666666667
}