{
  "agent_a": "mcts",
  "agent_b": "greedy",
  "n_matches": 30,
  "seed": 91011,
  "deck": "deck.csv",
  "config_a": {
    "max_root_actions": 6,
    "max_tree_depth": 1,
    "rollout_turns": 100,
    "rollout_depth": 200,
    "n_worlds": 4,
    "time_budget_s": 0.8,
    "uct_c": 0.7
  },
  "config_b": {},
  "wins_a": 20,
  "wins_b": 10,
  "draws": 0,
  "unfinished": 0,
  "rejects": 0,
  "exceptions": 0,
  "fallbacks_a": 0,
  "fallbacks_b": 0,
  "decisions": 1058,
  "budget_violations_a": 0,
  "budget_violations_b": 0,
  "planner_fallbacks_a": 0,
  "planner_fallbacks_b": 0,
  "degraded_count_a": 0,
  "degraded_count_b": 0,
  "planner_move_max_ms": 640.4189181048423,
  "winrate_a_excl_draws": 0.6666666666666666,
  "wilson95_excl_draws": [
    0.48779725813830266,
    0.807697044731538
  ],
  "winrate_a_draws_half": 0.6666666666666666,
  "time_per_match_sec": {
    "mean": 9.530399038665928,
    "median": 8.290284260408953,
    "max": 20.497559861047193,
    "total": 285.91197115997784
  },
  "time_per_decision_ms": {
    "mean": 259.04579049985597,
    "max": 343.7017846251062
  },
  "decisions_per_match_mean": 35.266666666666666
}