{
  "agent_a": "mcts",
  "agent_b": "greedy",
  "n_matches": 30,
  "seed": 92003,
  "deck": "deck.csv",
  "config_a": {
    "max_root_actions": 6,
    "max_tree_depth": 1,
    "rollout_turns": 100,
    "rollout_depth": 200,
    "n_worlds": 4,
    "time_budget_s": 0.8,
    "deviate_margin": 0.1
  },
  "config_b": {},
  "wins_a": 23,
  "wins_b": 7,
  "draws": 0,
  "unfinished": 0,
  "rejects": 0,
  "exceptions": 0,
  "fallbacks_a": 0,
  "fallbacks_b": 0,
  "decisions": 937,
  "budget_violations_a": 0,
  "budget_violations_b": 0,
  "planner_fallbacks_a": 0,
  "planner_fallbacks_b": 0,
  "degraded_count_a": 0,
  "degraded_count_b": 0,
  "planner_move_max_ms": 640.626756940037,
  "winrate_a_excl_draws": 0.7666666666666667,
  "wilson95_excl_draws": [
    0.5907132766967574,
    0.8820776078949878
  ],
  "winrate_a_draws_half": 0.7666666666666667,
  "time_per_match_sec": {
    "mean": 8.764462744351476,
    "median": 8.334541650023311,
    "max": 16.652236240915954,
    "total": 262.9338823305443
  },
  "time_per_decision_ms": {
    "mean": 278.84666541229865,
    "max": 462.8181694489386
  },
  "decisions_per_match_mean": 31.233333333333334
}